Row,Col,Length,Z_up,Z_down,Basin,Slope
64,124,57.23830197554208,3.3773205280303955,3.1056647300720215,2344,0.004746049211495696
64,125,89.06668847194237,2.798529863357544,3.3773205280303955,2344,0.0001
65,123,18.0807050578138,3.1056647300720215,1.2335309982299805,2344,0.10354318185357352
65,124,101.80412989587705,3.1056647300720215,3.1056647300720215,2344,0.0001
65,125,137.43674732430622,3.0175600051879883,2.798529863357544,2344,0.001593679609672398
65,126,3.984608912920967,2.2308266162872314,3.0175600051879883,2344,0.0001
65,128,14.24149598142677,5.641580581665039,5.641580581665039,2344,0.0001
66,126,207.4308549197088,4.333019733428955,2.2308266162872314,2344,0.01013442825540795
66,127,109.00137390813038,5.641580581665039,4.333019733428955,2344,0.012004994077771702
66,128,127.17986025456565,6.2116241455078125,5.641580581665039,2344,0.00448218422871171
66,129,141.42135623599242,7.416053771972656,6.2116241455078125,2344,0.008516603563432031
66,130,128.96137416457134,8.849453926086426,7.416053771972656,2344,0.011114957198614883
66,131,118.95582043272599,8.444186210632324,8.849453926086426,2344,0.0001
67,126,74.76451739126875,2.9107677936553955,1.5194851160049438,2344,0.018608863217418833
67,127,60.32388559244385,1.7578383684158325,2.9107677936553955,2344,0.0001
67,131,22.465535803924976,10.015779495239258,8.444186210632324,2344,0.06995574458243542
67,132,138.86843930197608,10.204357147216797,10.015779495239258,2344,0.0013579590360878753
67,133,63.157176503020864,12.462357521057129,11.64763069152832,2344,0.01289998816666289
67,134,105.79276836221638,12.621451377868652,12.462357521057129,2344,0.0015038254435956646
68,127,111.17852835171344,3.743664503097534,1.7578383684158325,2344,0.017861597595531555
68,128,16.032979027790837,3.802112579345703,3.743664503097534,2344,0.0036454907192766677
68,132,20.173992569170288,11.64763069152832,10.204357147216797,2344,0.0715412945336919
68,133,78.26417973363009,11.64763069152832,11.64763069152832,2344,0.0001
68,134,23.168605801037863,13.255202293395996,12.621451377868652,2344,0.02735386500895769
68,135,128.96137416453723,13.00926399230957,13.255202293395996,2344,0.0001
68,136,35.02006995655376,13.659103393554688,13.00926399230957,2344,0.018556199403693775
69,100,13.981379005126655,3.6370348930358887,0.7511708736419678,2422,0.20640768112614213
69,127,93.04630846446305,4.263950347900391,3.802112579345703,2344,0.004963525970845754
69,128,37.66493248516124,3.802112579345703,3.802112579345703,2344,0.0001
69,136,106.4012862814143,14.167864799499512,13.659103393554688,2344,0.004781534356635803
69,137,35.02006995573058,15.409514427185059,14.167864799499512,2344,0.03545537256936196
70,100,134.75265096912503,4.895133972167969,3.6370348930358887,2422,0.009336358654794404
70,126,83.21362164074614,4.080632209777832,4.263950347900391,2344,0.0001
70,127,48.375047772846465,4.263950347900391,4.263950347900391,2344,0.0001
70,137,106.40128628157893,15.242908477783203,15.409514427185059,2344,0.0001
70,138,119.86410626434227,16.852340698242188,15.242908477783203,2344,0.0134271407064065
70,139,120.11834792242762,19.35967254638672,16.852340698242188,2344,0.020873845599040083
70,140,59.4075596234456,21.069116592407227,18.7159366607666,2344,0.039610782643761826
70,141,100.0,24.793476104736328,21.069116592407227,2344,0.037243595123291014
70,142,85.81148136748797,22.848430633544922,24.793476104736328,2344,0.0001
71,100,122.64181916423539,6.18477725982666,4.895133972167969,2422,0.010515526404021045
71,101,4.905440229856474,5.776195526123047,6.18477725982666,2422,0.0001
71,125,38.04528661270103,5.286491870880127,4.080632209777832,2344,0.03169537591812309
71,126,88.28879230341114,4.080632209777832,4.080632209777832,2344,0.0001
71,138,17.94029414233869,16.09090805053711,16.09090805053711,2344,0.0001
71,140,100.39507845064423,18.7159366607666,18.7159366607666,2344,0.0001
71,142,26.648500705250193,24.750093460083008,22.848430633544922,2344,0.0713609687678762
71,143,112.45998207211372,26.099552154541016,24.750093460083008,2344,0.011999456780925701
71,144,115.40543387485594,29.58127784729004,26.099552154541016,2344,0.030169512611724666
71,145,37.31272811879473,27.721811294555664,29.58127784729004,2344,0.0001
72,100,17.134861556134215,6.787575721740723,5.776195526123047,2422,0.05902470774592314
72,101,113.24062737939639,5.776195526123047,5.776195526123047,2422,0.0001
72,125,123.50584937448296,6.301003456115723,5.286491870880127,2344,0.0082142796505086
72,145,128.96137416468775,30.32708740234375,27.721811294555664,2344,0.020201987801875203
73,100,64.9642876586803,7.365355491638184,6.787575721740723,2422,0.00889380597741781
73,101,54.50015169654886,9.381473541259766,7.365355491638184,2422,0.03699288876932153
73,125,46.99131347518414,6.301003456115723,6.301003456115723,2344,0.0001
73,145,128.96137416460545,33.83892059326172,30.32708740234375,2344,0.027231666951962594
74,100,74.81239306149882,10.008930206298828,9.381473541259766,2422,0.008387068497104052
74,101,38.72595176746051,9.381473541259766,9.381473541259766,2422,0.0001
74,145,106.59321202681991,34.14689254760742,33.83892059326172,2344,0.0028892267011168997
74,146,22.368162138032485,36.739227294921875,34.14689254760742,2344,0.11589395370604534
75,100,111.38161931620184,9.452884674072266,10.008930206298828,2422,0.0001
75,146,106.59321202650474,41.961036682128906,36.739227294921875,2344,0.0489881981031645
75,147,64.90920191725506,47.278690338134766,41.961036682128906,2344,0.08192449604887604
76,100,109.16118279503564,8.266738891601562,9.452884674072266,2422,0.0001
76,147,64.05217224731628,49.915164947509766,47.278690338134766,2344,0.041161361385139685
76,148,116.50139209179906,57.111141204833984,49.915164947509766,2344,0.06176729846845125
76,149,111.27308043186514,67.9707260131836,57.111141204833984,2344,0.09759399817280301
77,99,29.786769373996943,4.593393802642822,8.266738891601562,2422,0.0001
77,100,86.71462271815138,8.266738891601562,8.266738891601562,2422,0.0001
77,149,5.228311660592489,64.9791488647461,67.9707260131836,2344,0.0001
77,150,104.04141001906092,63.27457809448242,64.9791488647461,2344,0.0001
77,151,116.50139209245762,67.25082397460938,63.27457809448242,2344,0.0341304580890444
77,152,116.50139209179909,72.99349212646484,67.25082397460938,2344,0.04929269984456876
77,153,102.10321426111162,73.98782348632812,72.99349212646484,2344,0.009738492241002794
77,154,100.0,85.12430572509766,73.98782348632812,2344,0.11136482238769531
77,155,18.180444005499222,79.02156066894531,85.12430572509766,2344,0.0001
78,99,141.4213562372272,3.228926658630371,4.593393802642822,2422,0.0001
78,155,94.2795380665804,85.60662078857422,79.02156066894531,2344,0.06984612201831668
78,156,124.92500921839792,93.56258392333984,85.60662078857422,2344,0.06368591192862555
79,99,53.45870892202038,3.561875343322754,3.228926658630371,2422,0.00622814675861423
79,100,87.96264731545375,3.558090925216675,3.561875343322754,2422,0.0001
79,156,107.67596131142749,110.1463851928711,93.56258392333984,2344,0.1540158180855845
80,100,128.55451543736896,5.376699924468994,3.558090925216675,2422,0.014146597597642032
80,156,8.774583022110164,110.1463851928711,110.1463851928711,2344,0.0001
81,99,84.97971697116458,4.71965217590332,5.376699924468994,2422,0.0001
81,100,44.388515920876074,5.376699924468994,5.376699924468994,2422,0.0001
82,98,108.04795917784449,4.71965217590332,4.71965217590332,2422,0.0001
82,99,63.45445476603175,4.71965217590332,4.71965217590332,2422,0.0001
83,99,147.98820635088157,3.7710623741149902,3.6787662506103516,2422,0.0006236721545621251
83,100,11.054225520477674,2.5401222705841064,3.7710623741149902,2422,0.0001
83,119,30.566604714053767,5.179726600646973,5.179726600646973,2422,0.0001
84,100,125.8888806629321,2.8568625450134277,2.5401222705841064,2422,0.002516030587938854
84,101,11.419958841920895,2.9932949542999268,2.8568625450134277,2422,0.011946838966325942
84,118,48.212610522176305,5.179726600646973,5.797577381134033,2422,0.0001
84,119,128.4758271580239,6.078189373016357,5.179726600646973,2422,0.006993243727197686
84,120,81.23431064876371,7.489516735076904,6.078189373016357,2422,0.01737353774272504
85,101,133.07389089678918,3.145879030227661,2.9932949542999268,2422,0.001146611667393697
85,111,93.04630846454536,5.164398193359375,5.556426525115967,2422,0.0001
85,112,118.28124018507881,6.074722766876221,5.164398193359375,2422,0.007696271801787239
85,113,74.67722048612443,5.266924858093262,6.074722766876221,2422,0.0001
85,118,20.13058971721675,5.797577381134033,6.070363998413086,2422,0.0001
85,119,96.37080237493157,6.070363998413086,5.933654308319092,2422,0.001418579971578152
85,120,90.26810329539359,6.649397850036621,7.489516735076904,2422,0.0001
85,121,153.85640813504693,8.790572166442871,6.649397850036621,2422,0.013916705468171605
85,122,66.50882848879365,7.082008361816406,6.253771781921387,2422,0.012453032156995105
85,123,128.96137416453723,7.140094757080078,7.082008361816406,2422,0.0004504169999736627
85,124,52.299582023777276,6.6033759117126465,7.140094757080078,2422,0.0001
85,125,30.05683251056396,7.244314193725586,7.20775842666626,2422,0.0012162215378642462
85,126,117.41994596114907,7.363795280456543,7.244314193725586,2422,0.0010175535830214905
85,127,128.9613741652299,7.917970657348633,7.363795280456543,2422,0.004297219849581167
85,128,128.37857231015232,8.620071411132812,7.917970657348633,2422,0.0054689870836697
85,129,56.513296867306764,7.938962459564209,8.620071411132812,2422,0.0001
86,101,99.63066169055216,2.9055678844451904,3.145879030227661,2422,0.0001
86,102,59.6764154821695,2.4550890922546387,2.9055678844451904,2422,0.0001
86,110,80.85097169339079,5.556426525115967,6.789917945861816,2422,0.0001
86,111,48.37504777276415,5.556426525115967,5.556426525115967,2422,0.0001
86,113,64.96428765859798,6.3943352699279785,5.266924858093262,2422,0.017354310382952452
86,114,76.45706857879384,5.977692127227783,6.3943352699279785,2422,0.0001
86,119,116.501392092066,5.933654308319092,5.20139741897583,2422,0.006285391755358518
86,121,5.1860237363721895,6.253771781921387,8.790572166442871,2422,0.0001
86,122,104.99358545602217,6.253771781921387,6.253771781921387,2422,0.0001
86,124,67.32466621904982,7.20775842666626,6.6033759117126465,2422,0.00897713347715938
86,125,82.4031495621742,7.20775842666626,7.20775842666626,2422,0.0001
86,129,128.96137416509936,7.544583797454834,7.938962459564209,2422,0.0001
87,102,151.8821517987309,2.9243595600128174,2.4550890922546387,2422,0.0030897012071572447
87,103,54.59776811167288,2.4881913661956787,2.9243595600128174,2422,0.0001
87,110,116.23674679049068,6.789917945861816,5.407735824584961,2422,0.011891094334979544
87,114,128.96137416427615,7.622349262237549,5.977692127227783,2422,0.012753098713997385
87,119,137.6445915195229,5.20139741897583,6.503783226013184,2422,0.0001
87,129,128.96137416460542,7.145906925201416,7.544583797454834,2422,0.0001
88,103,123.68578565903726,3.1180410385131836,2.4881913661956787,2422,0.00509233675447397
88,104,5.27558850570698,3.1180410385131836,3.1180410385131836,2422,0.0001
88,109,106.84454536435176,5.407735824584961,5.466672420501709,2422,0.0001
88,110,34.57681087304007,5.407735824584961,5.407735824584961,2422,0.0001
88,114,51.166050759861726,8.60766887664795,7.622349262237549,2422,0.01925729267312057
88,115,90.25530547761241,7.257052898406982,8.60766887664795,2422,0.0001
88,119,120.2781568101819,6.503783226013184,6.919014930725098,2422,0.0001
88,129,45.43440535285989,7.400290012359619,7.145906925201416,2422,0.005598908694470035
88,130,95.98695088453194,5.1834588050842285,7.400290012359619,2422,0.0001
89,103,104.64180733533438,3.26313853263855,2.9743692874908447,2422,0.0027595972632842363
89,108,52.44392082815058,5.466672420501709,4.572317600250244,2422,0.017053546076047723
89,109,64.65786857980554,5.466672420501709,5.466672420501709,2422,0.0001
89,115,128.96137416468775,7.33588981628418,7.257052898406982,2422,0.0006113219433946169
89,116,80.98231024038012,6.912588596343994,6.912588596343994,2422,0.0001
89,119,104.7689404591345,6.919014930725098,7.165914535522461,2422,0.0001
89,120,66.73347348482406,7.165914535522461,6.973726272583008,2422,0.0028799379517261137
89,128,42.48096511583302,8.023503303527832,5.157651424407959,2422,0.0674620237865487
89,129,124.3371622910914,5.157651424407959,5.157651424407959,2422,0.0001
89,130,34.76534424340213,5.1834588050842285,5.1834588050842285,2422,0.0001
90,103,41.35273286938802,2.509765148162842,3.26313853263855,2422,0.0001
90,104,98.75659621997772,2.509765148162842,2.509765148162842,2422,0.0001
90,107,105.13777133621764,4.760918140411377,4.760918140411377,2422,0.0001
90,108,128.36097684852484,4.572317600250244,9.256574630737305,2422,0.0001
90,115,37.36781385997301,6.912588596343994,7.33588981628418,2422,0.0001
90,116,60.43904599627084,6.912588596343994,6.912588596343994,2422,0.0001
90,117,177.2835462525917,5.954484462738037,5.657717227935791,2422,0.0016739694183430611
90,118,100.04536414431041,5.973601818084717,5.155447483062744,2422,0.00817783354600845
90,120,83.53040912240978,6.973726272583008,6.048531532287598,2422,0.01107614280853793
90,121,118.05306252821195,6.83675479888916,6.83675479888916,2422,0.0001
90,128,60.31889667130271,7.628194332122803,6.8111891746521,2422,0.013544762960815249
90,129,81.10245956625376,6.8111891746521,6.8111891746521,2422,0.0001
91,101,37.85336086746005,3.763716220855713,2.0703749656677246,2422,0.0447342380275575
91,102,128.40295467731298,2.0703749656677246,3.951902151107788,2422,0.0001
91,103,107.99087444563688,3.3707869052886963,1.5208566188812256,2422,0.017130431584186628
91,104,117.92465175598046,2.398571014404297,1.5208566188812256,2422,0.007443010282017294
91,105,87.00824398028102,3.2314820289611816,2.398571014404297,2422,0.009572782720975845
91,106,106.84454536377552,4.760918140411377,5.599310874938965,2422,0.0001
91,107,66.36464260859819,9.256574630737305,4.760918140411377,2422,0.06774174189169026
91,108,20.778573974056854,9.256574630737305,9.256574630737305,2422,0.0001
91,117,128.96137416485237,7.5441179275512695,5.954484462738037,2422,0.012326430879847722
91,118,22.423247879375406,6.9464111328125,5.973601818084717,2422,0.04338396114429791
91,119,114.91133419459686,6.048531532287598,6.9464111328125,2422,0.0001
91,120,161.34411960153227,6.521171569824219,6.048531532287598,2422,0.002929391159119334
91,121,48.86059477992191,6.774970054626465,6.521171569824219,2422,0.00519433883163736
91,128,141.4213562371449,10.893546104431152,7.628194332122803,2422,0.02308952381161433
92,101,159.04243187113806,5.0326361656188965,3.763716220855713,2422,0.007978499384310903
92,102,0.5584194865998127,3.951902151107788,3.3707869052886963,2422,1.0406428496209408
92,103,33.430481791672634,3.3707869052886963,3.3707869052886963,2422,0.0001
92,105,34.64290219531385,5.599310874938965,3.2314820289611816,2422,0.06834960975925625
92,106,29.42705678977228,5.599310874938965,5.599310874938965,2422,0.0001
92,117,129.89752349491852,7.220252513885498,7.5441179275512695,2422,0.0001
92,121,141.42135623739182,6.533040523529053,6.774970054626465,2422,0.0001
92,128,18.984260636096266,8.18047046661377,10.893546104431152,2422,0.0001
92,129,128.96137416457134,7.442928314208984,8.18047046661377,2422,0.0001
92,130,108.6388587021477,7.872304439544678,7.442928314208984,2422,0.003952325442896106
93,100,166.81473503091303,5.698429107666016,5.0326361656188965,2422,0.00399121181905027
93,101,47.22871869172598,5.0326361656188965,5.0326361656188965,2422,0.0001
93,110,49.550865350266456,7.513474941253662,6.628715991973877,2422,0.01785557008995863
93,111,122.32265020344708,6.628715991973877,5.900921821594238,2422,0.0059497907310638795
93,112,123.14011605288923,5.900921821594238,5.822597026824951,2422,0.0006360623757707542
93,113,116.50139209179908,5.822597026824951,6.44721794128418,2422,0.0001
93,114,87.96264731512449,6.44721794128418,5.942921161651611,2422,0.005733078699029315
93,116,100.3334191271263,7.186225891113281,7.220252513885498,2422,0.0001
93,117,142.85494297291885,7.220252513885498,7.220252513885498,2422,0.0001
93,121,36.221484778934844,6.553940296173096,6.533040523529053,2422,0.0005769993353833344
93,122,92.73988938591755,5.983560085296631,6.553940296173096,2422,0.0001
93,130,91.95506512443852,7.796702861785889,7.796702861785889,2422,0.0001
93,131,49.466291113200256,7.810568809509277,7.796702861785889,2422,0.0002803110443768139
94,98,33.913038867895395,7.435277462005615,5.139462947845459,2422,0.06769710385150843
94,99,150.52277179779992,5.139462947845459,5.698429107666016,2422,0.0001
94,100,4.68767891192717,5.698429107666016,5.698429107666016,2422,0.0001
94,110,116.50139209165441,6.582146167755127,7.513474941253662,2422,0.0001
94,114,53.45870892218501,5.942921161651611,6.332716941833496,2422,0.0001
94,115,141.42135623796804,6.332716941833496,7.186225891113281,2422,0.0001
94,116,39.16212719801592,7.186225891113281,7.186225891113281,2422,0.0001
94,122,78.76252455823975,7.248714923858643,5.983560085296631,2422,0.01606290359099031
94,123,92.73988938543776,6.20524787902832,7.248714923858643,2422,0.0001
94,131,105.15754518088684,7.3531951904296875,7.810568809509277,2422,0.0001
94,132,112.45998207273817,7.385254859924316,7.3531951904296875,2422,0.00028507624582309625
94,133,44.12805981021251,8.69063663482666,7.385254859924316,2422,0.02958167162836016
94,135,78.88157782293445,6.632913112640381,6.632913112640381,2422,0.0001
95,98,128.96137416466195,8.078896522521973,7.435277462005615,2422,0.004990789410281596
95,110,105.31331136440139,6.442121982574463,6.582146167755127,2422,0.0001
95,123,36.22148477909948,6.384211540222168,6.20524787902832,2422,0.004940815162196589
95,124,107.16426616943038,6.958117961883545,6.384211540222168,2422,0.005355389834462276
95,125,113.37853594208816,6.8236308097839355,6.958117961883545,2422,0.0001
95,126,35.06235788019783,7.519394874572754,6.8236308097839355,2422,0.019843618822388585
95,133,89.12177421353223,6.408452987670898,8.69063663482666,2422,0.0001
95,134,128.96137416453723,6.632913112640381,6.408452987670898,2422,0.0017405221247340443
95,135,36.584407608881264,6.632913112640381,6.632913112640381,2422,0.0001
96,98,126.19186548989718,9.530406951904297,8.078896522521973,2422,0.011502408841864145
96,109,4.525241661586286,7.737954139709473,6.442121982574463,2422,0.2863564543160258
96,110,110.70424908549677,6.442121982574463,6.442121982574463,2422,0.0001
96,125,6.272278154761655,7.519394874572754,7.519394874572754,2422,0.0001
96,126,135.1490780823009,7.519394874572754,7.519394874572754,2422,0.0001
97,98,106.81091869387973,11.657201766967773,9.530406951904297,2422,0.019911773450417312
97,109,70.69593306518823,6.508914470672607,7.737954139709473,2422,0.0001
97,110,51.454522405784424,6.588017463684082,6.508914470672607,2422,0.0015373380086525104
97,126,122.64181916436593,7.517300605773926,7.387505054473877,2422,0.001058330283947398
97,127,48.860594779839595,6.864594459533691,7.517300605773926,2422,0.0001
98,93,37.0521678770344,21.30717658996582,20.99993896484375,2422,0.008292028313746837
98,98,118.10904545128145,13.27859878540039,11.657201766967773,2422,0.01372796649263772
98,110,112.45998207253943,6.4439826011657715,6.588017463684082,2422,0.0001
98,127,128.96137416501702,8.45870304107666,6.864594459533691,2422,0.0123611320976091
98,168,26.199839163571596,125.05673217773438,126.8843765258789,2422,0.0001
99,93,68.92067150531695,20.99993896484375,19.968460083007812,2422,0.014966175739543732
99,94,124.91996414551042,19.968460083007812,18.73263168334961,2422,0.009892961530301708
99,95,112.45998207273817,18.73263168334961,16.642589569091797,2422,0.01858476300401676
99,96,100.0,16.642589569091797,15.421855926513672,2422,0.01220733642578125
99,97,167.35991590452997,15.421855926513672,13.27859878540039,2422,0.012806275203531392
99,98,4.22635463388871,13.27859878540039,13.27859878540039,2422,0.0001
99,110,114.89373873257779,7.913756370544434,6.4439826011657715,2422,0.012792461848592555
99,127,78.76252455823975,7.418532848358154,8.45870304107666,2422,0.0001
99,128,140.8385543828905,6.7379679679870605,7.418532848358154,2422,0.0001
99,129,36.98341456132171,7.3932976722717285,6.7379679679870605,2422,0.017719556510880693
99,168,47.30802716185893,126.8843765258789,116.76174926757812,2422,0.21397272018271626
99,169,92.50567571588005,116.76174926757812,104.20713806152344,2422,0.13571719906802965
100,110,141.42135623755647,7.488892555236816,7.913756370544434,2422,0.0001
100,129,80.10077938489638,7.753910541534424,7.3932976722717285,2422,0.004501989519101878
100,130,128.9613741638787,8.522078514099121,7.753910541534424,2422,0.005956574032690918
100,131,116.50139209183317,8.38222885131836,8.522078514099121,2422,0.0001
100,132,128.96137416522987,10.236754417419434,8.38222885131836,2422,0.014380473053311223
100,133,7.465884081655176,7.065048694610596,10.236754417419434,2422,0.0001
100,140,104.59417512493168,13.826562881469727,15.097869873046875,2422,0.0001
100,141,138.14015241963628,15.106182098388672,13.826562881469727,2422,0.009263195345490662
100,142,119.7825959081893,15.977627754211426,15.106182098388672,2422,0.007275227667387487
100,143,141.42135623665095,17.897483825683594,15.977627754211426,2422,0.013575432470464567
100,144,3.741835410247584,17.897483825683594,17.897483825683594,2422,0.0001
100,169,122.48620748547792,104.20713806152344,93.52613067626953,2422,0.08720171523410304
101,110,71.84226214589712,7.362380027770996,7.488892555236816,2422,0.0001
101,111,69.57909409133006,7.749903678894043,7.362380027770996,2422,0.005569541486331804
101,132,40.03097991047739,9.520586967468262,7.065048694610596,2422,0.06134094839419539
101,133,78.41381755506237,7.065048694610596,7.065048694610596,2422,0.0001
101,138,87.17898239556688,12.805347442626953,11.931713104248047,2422,0.010021157787950175
101,139,132.57832999585844,15.097869873046875,12.805347442626953,2422,0.01729183366913384
101,140,36.827181111719284,15.097869873046875,15.097869873046875,2422,0.0001
101,157,25.38926209602505,71.41765594482422,64.18521118164062,2422,0.2848623459724695
101,169,110.51657669898336,93.52613067626953,87.10619354248047,2422,0.058090264153541404
102,111,71.84226214597945,7.136133193969727,7.749903678894043,2422,0.0001
102,112,69.57909409124774,6.145340919494629,7.136133193969727,2422,0.0001
102,132,19.333513424343757,9.041498184204102,9.520586967468262,2422,0.0001
102,133,120.14443743905458,9.762595176696777,9.041498184204102,2422,0.006001917424254162
102,137,108.41701385998988,11.931713104248047,13.451226234436035,2422,0.0001
102,138,80.70647571796188,11.931713104248047,11.931713104248047,2422,0.0001
102,157,100.0,64.18521118164062,63.3365592956543,2422,0.008486518859863281
102,169,71.1493014372316,87.10619354248047,72.25065612792969,2422,0.20879386184355497
102,170,55.71406808175843,83.75141143798828,83.75141143798828,2422,0.0001
103,111,67.56893723885804,8.043580055236816,6.145340919494629,2422,0.028093369724491304
103,112,55.25302226072183,6.145340919494629,6.145340919494629,2422,0.0001
103,133,143.3002438123845,10.00617790222168,8.87126350402832,2422,0.00791983577975794
103,134,115.64612576743296,9.29247760772705,8.87126350402832,2422,0.0036422673124891516
103,135,76.9977013272122,9.556683540344238,9.197898864746094,2422,0.004659680346474764
103,136,116.50139209179909,13.451226234436035,9.556683540344238,2422,0.03342915156776008
103,137,8.08437823180919,13.451226234436035,13.451226234436035,2422,0.0001
103,156,99.05445546494774,63.3365592956543,52.01933288574219,2422,0.11425257305984506
103,157,62.085981052416095,63.3365592956543,63.3365592956543,2422,0.0001
103,169,133.28340247594247,77.23665618896484,68.58646392822266,2422,0.06490074607979444
103,170,108.1591363671583,81.0164794921875,77.23665618896484,2422,0.034946870233797195
103,171,112.38366574436023,80.8169937133789,81.0164794921875,2422,0.0001
103,172,112.53629840045754,84.1270980834961,80.8169937133789,2422,0.029413659567318146
103,173,71.55080526278128,89.41522216796875,84.1270980834961,2422,0.0739072616311055
104,111,37.925220939848884,7.882709503173828,8.043580055236816,2422,0.0001
104,112,86.99474320539461,9.130376815795898,7.882709503173828,2422,0.014341870171124333
104,132,111.84250033017949,8.999919891357422,10.00617790222168,2422,0.0001
104,133,6.938049149783205,10.00617790222168,10.00617790222168,2422,0.0001
104,134,100.03843094952377,9.197898864746094,9.29247760772705,2422,0.0001
104,135,51.96367283732504,9.197898864746094,9.197898864746094,2422,0.0001
104,155,131.4146705595758,52.01933288574219,45.45478057861328,2422,0.049952963996914776
104,156,29.906918699623617,52.01933288574219,52.01933288574219,2422,0.0001
104,168,1.7715376783910404,68.58646392822266,68.58646392822266,2422,0.0001
104,169,129.46899387452268,68.58646392822266,59.77360916137695,2422,0.0680692303470501
104,173,48.915680521017876,90.12127685546875,89.41522216796875,2422,0.014434117648565177
104,174,80.04569364334061,98.34272766113281,90.12127685546875,2422,0.10270947044692197
105,112,126.68221677670876,10.686854362487793,9.130376815795898,2422,0.012286472294965885
105,130,33.84073799758836,10.601771354675293,9.789327621459961,2422,0.024007860977299914
105,131,141.17430639716292,9.789327621459961,8.999919891357422,2422,0.005591723807600752
105,132,173.7879190426612,9.413219451904297,8.999919891357422,2422,0.002378183494132402
105,155,126.68221677679105,45.45478057861328,42.26919937133789,2422,0.025146238267114127
105,168,47.421827134979694,59.77360916137695,55.836883544921875,2422,0.08301505560403084
105,169,95.11921264429111,59.77360916137695,59.77360916137695,2422,0.0001
105,174,66.94882449795662,96.34307098388672,98.34272766113281,2422,0.0001
105,175,103.62934167706909,98.03736877441406,96.34307098388672,2422,0.01634959523150435
105,176,133.75060454055506,105.40090942382812,98.03736877441406,2422,0.055054260686958865
105,177,17.5789317621311,99.74639129638672,105.40090942382812,2422,0.0001
106,111,36.677302465360924,8.27598762512207,10.686854362487793,2422,0.0001
106,112,86.48040904852547,10.686854362487793,10.686854362487793,2422,0.0001
106,130,100.0,10.000112533569336,10.601771354675293,2422,0.0001
106,132,123.78814824593209,9.450399398803711,9.413219451904297,2422,0.0003003514264188524
106,133,5.173225918426389,10.722063064575195,9.450399398803711,2422,0.245816379532542
106,154,119.50901178562079,42.26919937133789,41.89058303833008,2422,0.0031680986006895197
106,155,16.10868180080504,42.26919937133789,42.26919937133789,2422,0.0001
106,167,6.902475672597129,55.836883544921875,51.663177490234375,2422,0.6046679847430885
106,168,141.44222675739272,55.836883544921875,55.836883544921875,2422,0.0001
106,177,94.88105031064117,101.10032653808594,99.74639129638672,2422,0.014269817179156702
106,178,128.2135538083071,108.7995834350586,101.10032653808594,2422,0.060050257311203344
106,179,109.1663924099756,115.0108642578125,108.7995834350586,2422,0.05689737185256954
106,180,72.53491740801837,115.0108642578125,115.0108642578125,2422,0.0001
107,111,112.45998207253943,9.664200782775879,8.27598762512207,2422,0.012344063479917481
107,130,112.45998207281221,8.844571113586426,10.000112533569336,2422,0.0001
107,132,68.49088348343619,11.51091194152832,10.722063064575195,2422,0.011517574848394238
107,133,50.62541801144336,10.722063064575195,10.722063064575195,2422,0.0001
107,154,36.485427768880854,41.89058303833008,37.58586120605469,2422,0.11798468855960552
107,155,88.43453637663542,37.58586120605469,34.39119338989258,2422,0.03612466290948009
107,166,44.80691773226259,51.663177490234375,48.10560607910156,2422,0.07939781603346559
107,167,126.69549621182651,51.663177490234375,51.663177490234375,2422,0.0001
108,111,138.8064468351545,11.044483184814453,9.664200782775879,2422,0.009943935843828546
108,130,66.47506515774876,8.844571113586426,8.844571113586426,2422,0.0001
108,132,51.03572526469477,11.424606323242188,11.51091194152832,2422,0.0001
108,133,75.31073949750872,12.99167537689209,11.424606323242188,2422,0.02080804230718968
108,154,23.859528280774484,34.39119338989258,31.983196258544922,2422,0.10092392033114798
108,155,101.06043586474179,34.39119338989258,34.39119338989258,2422,0.0001
108,161,111.09767480756423,40.997982025146484,40.36191940307617,2422,0.005725255935122463
108,162,100.0,43.82863235473633,40.997982025146484,2422,0.028306503295898438
108,163,112.45998207277226,45.489688873291016,43.82863235473633,2422,0.014770200812230492
108,164,109.01375975387828,46.248104095458984,45.489688873291016,2422,0.006957059584773998
108,165,191.15558749823367,48.10560607910156,46.248104095458984,2422,0.009717225679629909
108,166,134.63793383158145,48.929988861083984,48.10560607910156,2422,0.006122960732698424
109,111,128.96137416444083,11.283825874328613,11.044483184814453,2422,0.0018559253967701233
109,133,57.78074686090793,12.658341407775879,12.99167537689209,2422,0.0001
109,134,112.37127989861233,11.535717964172363,12.658341407775879,2422,0.0001
109,135,61.51250259762,13.482844352722168,11.535717964172363,2422,0.031654156575075545
109,154,117.92789270875322,31.983196258544922,29.421218872070312,2422,0.02172494842082806
109,160,151.9547448999085,40.36191940307617,40.047054290771484,2422,0.0020720979296308707
109,161,51.055227367783814,40.36191940307617,40.36191940307617,2422,0.0001
109,166,116.38233882562267,51.846961975097656,48.929988861083984,2422,0.025063709351847745
109,167,128.96137416457134,57.471439361572266,51.846961975097656,2422,0.04361365891849951
109,168,26.113172076237653,57.73691177368164,57.471439361572266,2422,0.010166226122752371
110,110,126.41671559373393,10.497296333312988,11.283825874328613,2422,0.0001
110,111,15.004640643493264,11.283825874328613,11.283825874328613,2422,0.0001
110,135,109.98991134560596,14.092838287353516,13.482844352722168,2422,0.005545908048917766
110,136,18.97146281913828,14.487936019897461,14.092838287353516,2422,0.020825897101902625
110,153,39.08426579636259,29.421218872070312,29.2554874420166,2422,0.004240361861144002
110,154,170.4548749261112,31.083415985107422,29.421218872070312,2422,0.00975153754773889
110,155,141.42135623533386,33.15560531616211,31.083415985107422,2422,0.014652591279116547
110,156,127.35893041957738,34.73895263671875,33.15560531616211,2422,0.012432165654504048
110,157,130.56381790755557,35.23374557495117,34.73895263671875,2422,0.0037896635236475324
110,158,85.81962697403473,36.961734771728516,35.23374557495117,2422,0.020135128265008163
110,159,139.49476282702807,40.047054290771484,38.77796173095703,2422,0.00909777925776406
110,160,19.547669044248817,40.047054290771484,40.047054290771484,2422,0.0001
110,168,134.4292848011485,60.74422836303711,57.73691177368164,2422,0.022370993000550246
111,109,112.86598491873977,10.351198196411133,10.497296333312988,2422,0.0001
111,110,15.004640643575582,10.497296333312988,10.497296333312988,2422,0.0001
111,136,140.0709690529053,14.412806510925293,14.487936019897461,2422,0.0001
111,137,141.4213562373095,16.030006408691406,14.412806510925293,2422,0.0114353301424461
111,138,116.50139209242353,15.581321716308594,16.030006408691406,2422,0.0001
111,139,105.44737768270713,14.225439071655273,15.581321716308594,2422,0.0001
111,151,67.82706867701354,26.563037872314453,27.42462730407715,2422,0.0001
111,152,128.96137416453723,29.2554874420166,26.563037872314453,2422,0.02087795347362651
111,153,89.87710836820875,29.2554874420166,29.2554874420166,2422,0.0001
111,158,33.45648340745491,38.77796173095703,36.961734771728516,2422,0.0542862481124904
111,159,16.7729507544277,38.77796173095703,38.77796173095703,2422,0.0001
111,168,10.074188227575622,60.74422836303711,60.74422836303711,2422,0.0001
112,107,27.536399136058588,12.799158096313477,13.154765129089355,2422,0.0001
112,108,128.9613741651958,13.154765129089355,10.351198196411133,2422,0.021739586374808124
112,109,187.93428558686202,10.351198196411133,10.351198196411133,2422,0.0001
112,110,51.08969961502032,8.987741470336914,9.60916519165039,2422,0.0001
112,114,35.04457114201638,9.569686889648438,9.569686889648438,2422,0.0001
112,139,165.1954839722274,14.225439071655273,14.225439071655273,2422,0.0001
112,147,23.822658191511792,24.798433303833008,20.145309448242188,2422,0.19532345291545872
112,148,41.30297065731828,20.283344268798828,24.798433303833008,2422,0.0001
112,150,62.69491005514038,27.42462730407715,24.386920928955078,2422,0.04845220086368092
112,151,73.59428756029595,27.42462730407715,27.42462730407715,2422,0.0001
113,107,116.50139209214831,14.347963333129883,12.799158096313477,2422,0.013294306694561712
113,110,141.4213562373095,11.366876602172852,8.987741470336914,2422,0.016823025850803423
113,113,39.04197787271852,9.569686889648438,9.581977844238281,2422,0.0001
113,114,136.4578428021409,11.895721435546875,9.569686889648438,2422,0.01704581061911631
113,115,124.96396743378689,14.51411247253418,11.895721435546875,2422,0.02095316826728216
113,116,62.64104494022977,14.1312894821167,14.1312894821167,2422,0.0001
113,138,137.19916867300154,19.378307342529297,13.822168350219727,2422,0.04049688526577001
113,139,63.83574531656445,13.822168350219727,13.822168350219727,2422,0.0001
113,140,132.79634525699964,12.8425931930542,13.067472457885742,2422,0.0001
113,147,128.96137416468775,20.145309448242188,19.87793731689453,2422,0.0020732729709146366
113,148,90.26810329506431,22.818140029907227,20.283344268798828,2422,0.02808074689265124
113,149,51.15325294216288,23.199464797973633,22.818140029907227,2422,0.007454555597814205
113,150,124.9199641452435,24.386920928955078,22.711122512817383,2422,0.013414976762155145
114,105,79.99841679855538,13.1356782913208,13.1356782913208,2422,0.0001
114,106,148.36645740036008,14.77776050567627,13.1356782913208,2422,0.011067745655774373
114,107,45.08569835006,14.347963333129883,14.347963333129883,2422,0.0001
114,109,101.79451844565051,10.821311950683594,11.366876602172852,2422,0.0001
114,110,57.24791342560398,11.366876602172852,11.366876602172852,2422,0.0001
114,112,70.90288367195467,9.581977844238281,13.349252700805664,2422,0.0001
114,113,100.59953027200389,9.581977844238281,9.581977844238281,2422,0.0001
114,115,3.9974067307844496,14.1312894821167,14.51411247253418,2422,0.0001
114,116,29.664145195303874,14.1312894821167,14.1312894821167,2422,0.0001
114,137,128.75166168068912,17.734880447387695,19.378307342529297,2422,0.0001
114,138,9.383281125372564,19.378307342529297,19.378307342529297,2422,0.0001
114,140,69.54733259627868,15.341560363769531,12.8425931930542,2422,0.03593189095003546
114,141,149.65721468832214,16.537944793701172,15.341560363769531,2422,0.007994164747909045
114,144,139.50224382989347,16.10256004333496,15.933908462524414,2422,0.001208952459690882
114,145,35.06235788011551,17.0842342376709,16.10256004333496,2422,0.027997951469563385
114,146,75.30575057620293,19.87793731689453,19.87793731689453,2422,0.0001
114,147,66.11560566110657,19.87793731689453,19.87793731689453,2422,0.0001
114,149,90.26810329514663,22.711122512817383,23.199464797973633,2422,0.0001
114,150,99.05067700862895,22.711122512817383,22.711122512817383,2422,0.0001
115,105,83.8756758143467,13.8765869140625,14.77776050567627,2422,0.0001
115,106,45.84069493829051,14.77776050567627,14.77776050567627,2422,0.0001
115,109,128.96137416477006,11.631518363952637,10.821311950683594,2422,0.006282551023641131
115,110,50.528392072448504,11.177644729614258,11.054753303527832,2422,0.002432126197687468
115,111,134.7826322768779,13.349252700805664,11.177644729614258,2422,0.01611192728993725
115,112,54.01708047355576,13.349252700805664,13.349252700805664,2422,0.0001
115,136,123.95525507315656,16.22334098815918,17.734880447387695,2422,0.0001
115,137,12.669694556620403,17.734880447387695,17.734880447387695,2422,0.0001
115,141,8.62501098039219,16.601030349731445,16.537944793701172,2422,0.007314258054127701
115,142,103.0799745042801,17.56516456604004,16.601030349731445,2422,0.009353264016072888
115,143,127.79725834436391,15.933908462524414,17.459896087646484,2422,0.0001
115,144,32.00017011492236,15.933908462524414,15.933908462524414,2422,0.0001
115,145,99.3721365360494,18.20507049560547,17.0842342376709,2422,0.011279180432313263
115,146,152.68887942930738,21.812416076660156,18.20507049560547,2422,0.02362546371770862
115,147,44.85148468071514,21.812416076660156,21.812416076660156,2422,0.0001
116,103,60.34838677741257,13.21056842803955,13.21056842803955,2422,0.0001
116,104,113.95673352091343,14.695960998535156,13.8765869140625,2422,0.00719022087731467
116,105,57.5456804229628,13.8765869140625,13.8765869140625,2422,0.0001
116,109,93.8567283601873,11.054753303527832,11.631518363952637,2422,0.0001
116,110,168.76929089417666,12.724010467529297,11.054753303527832,2422,0.00989076362860432
116,134,29.871345222355224,19.838973999023438,15.590394973754883,2422,0.14222924992641403
116,135,116.50139209176498,15.590394973754883,16.22334098815918,2422,0.0001
116,136,47.54715887100072,16.22334098815918,16.22334098815918,2422,0.0001
116,142,128.58455485264145,17.459896087646484,17.56516456604004,2422,0.0001
116,143,1.164115820207432,17.459896087646484,17.459896087646484,2422,0.0001
116,146,100.0,23.06479263305664,21.069862365722656,2422,0.019949302673339844
117,96,72.37009707752215,15.542510032653809,14.4306001663208,2422,0.015364216869046628
117,97,128.9613741639128,14.4306001663208,13.915895462036133,2422,0.003991153999572513
117,98,116.93966386533316,13.915895462036133,15.408571243286133,2422,0.0001
117,102,70.07743891544581,14.660520553588867,13.21056842803955,2422,0.020690712274728
117,103,81.07296945989692,13.21056842803955,13.21056842803955,2422,0.0001
117,104,15.004640643657902,14.695960998535156,14.695960998535156,2422,0.0001
117,109,38.622733299274316,14.453292846679688,12.724010467529297,2422,0.04477369236793197
117,110,89.91939629205154,12.724010467529297,12.724010467529297,2422,0.0001
117,133,59.95240292953228,22.10455894470215,19.838973999023438,2422,0.03778972709970719
117,134,99.09002894218202,19.838973999023438,19.838973999023438,2422,0.0001
117,146,137.79919079158225,24.378137588500977,23.06479263305664,2422,0.009530861160358601
117,147,2.862781018333242,24.409143447875977,24.409143447875977,2422,0.0001
118,84,5.671570743776907,26.150480270385742,25.5460205078125,2422,0.10657713530885278
118,85,127.71945412735538,25.5460205078125,24.250476837158203,2422,0.010143667458541174
118,86,127.39450447647418,24.250476837158203,24.254426956176758,2422,0.0001
118,94,46.11187810525863,17.065019607543945,15.951140403747559,2422,0.0241560146661942
118,95,137.14528222454257,15.951140403747559,15.542510032653809,2422,0.0029795437689552865
118,96,60.867351100474686,15.542510032653809,15.542510032653809,2422,0.0001
118,98,12.021710299862619,15.408571243286133,16.14021873474121,2422,0.0001
118,99,162.25034897917834,16.14021873474121,15.441327095031738,2422,0.004307489284963952
118,102,116.50139209214832,14.1004056930542,14.660520553588867,2422,0.0001
118,109,159.461676445028,17.51923179626465,14.453292846679688,2422,0.019226807455783253
118,132,29.871345222849133,23.00442123413086,22.10455894470215,2422,0.03012459876565552
118,133,111.550011014625,22.10455894470215,22.10455894470215,2422,0.0001
118,146,67.73425271757444,24.409143447875977,24.378137588500977,2422,0.000457757458464662
118,147,122.05718312717718,27.633752822875977,24.409143447875977,2422,0.02641884150021819
118,148,111.6324099807361,29.08280372619629,27.633752822875977,2422,0.01298055738087504
119,84,27.31141237049652,26.150480270385742,26.150480270385742,2422,0.0001
119,86,2.8087897252790284,24.254426956176758,21.374094009399414,2422,1.0254711916860235
119,87,117.65051982701952,21.374094009399414,20.346824645996094,2422,0.008731532720073869
119,94,128.96137416485237,19.638521194458008,17.065019607543945,2422,0.019955599911833558
119,98,102.64308052977555,13.776840209960938,15.441327095031738,2422,0.0001
119,99,68.4210616420342,15.441327095031738,15.071871757507324,2422,0.005399731145028604
119,100,78.35654154558814,15.071871757507324,14.999342918395996,2422,0.0009256258339213525
119,102,128.96137416477006,19.64620018005371,14.1004056930542,2422,0.04300353127374261
119,109,22.380959954825833,17.099536895751953,17.51923179626465,2422,0.0001
119,110,98.0783495973904,19.98103904724121,17.099536895751953,2422,0.029379594613059504
119,132,116.50139209181906,24.401622772216797,23.00442123413086,2422,0.011993002941842542
119,148,80.10077938468353,33.280941009521484,29.08280372619629,2422,0.05241069207533756
119,149,48.860594779839595,35.562496185302734,33.280941009521484,2422,0.04669519857590117
120,87,114.0140095301748,20.346824645996094,18.750593185424805,2422,0.014000309849192984
120,88,41.355566309353094,18.750593185424805,18.30527687072754,2422,0.010767989763848346
120,89,30.651180563036498,17.835878372192383,17.835878372192383,2422,0.0001
120,92,15.94732784021277,15.548737525939941,14.717392921447754,2422,0.05213065240910578
120,93,132.76812018989213,14.717392921447754,19.638521194458008,2422,0.0001
120,94,22.70347335491472,19.638521194458008,19.638521194458008,2422,0.0001
120,98,116.50139209239529,13.62501049041748,13.776840209960938,2422,0.0001
120,100,93.14587239856915,14.999342918395996,17.024370193481445,2422,0.0001
120,101,128.96137416453723,17.024370193481445,19.64620018005371,2422,0.0001
120,102,1.2064037444277318,19.64620018005371,19.64620018005371,2422,0.0001
120,110,125.00345670445523,23.022186279296875,19.98103904724121,2422,0.024328505084829987
120,132,58.235950993060385,20.63998794555664,24.401622772216797,2422,0.0001
120,133,58.26544109906211,18.036603927612305,20.63998794555664,2422,0.0001
120,149,81.86824163157094,34.95283889770508,35.562496185302734,2422,0.0001
120,150,89.6341723127169,41.40269470214844,34.95283889770508,2422,0.0719575541116285
121,86,32.121715460952124,22.329641342163086,18.912771224975586,2422,0.10637259150561632
121,87,119.63663408857501,18.912771224975586,18.30527687072754,2422,0.005077828868022801
121,88,124.34984128908889,18.30527687072754,17.835878372192383,2422,0.0037748218547693775
121,89,86.75637955167201,17.835878372192383,16.375001907348633,2422,0.016838836203090443
121,90,124.81432961280031,16.375001907348633,19.868209838867188,2422,0.0001
121,92,104.1249025783832,15.464731216430664,15.548737525939941,2422,0.0001
121,98,98.25011893967523,13.955202102661133,13.62501049041748,2422,0.0033607248093652413
121,99,39.04633471883949,17.982662200927734,13.955202102661133,2422,0.10314566340905207
121,110,116.50139209214832,24.461238861083984,23.022186279296875,2422,0.012352235075859622
121,132,59.36449333575247,18.036603927612305,18.036603927612305,2422,0.0001
121,133,99.67793853517274,19.72205924987793,18.036603927612305,2422,0.016909010629978957
121,150,141.4213562372272,48.412078857421875,41.40269470214844,2422,0.049563830681382724
122,85,115.96187498185205,28.359827041625977,22.329641342163086,2422,0.05200145048022559
122,86,85.62159666872147,22.329641342163086,22.329641342163086,2422,0.0001
122,90,16.60702662516774,19.868209838867188,17.803491592407227,2422,0.12432799037793474
122,91,118.44891416405197,17.803491592407227,15.464731216430664,2422,0.01974488658239091
122,92,167.60736979979617,16.453414916992188,15.464731216430664,2422,0.005898808040138613
122,98,63.24938114400564,23.41954803466797,17.982662200927734,2422,0.08595951036045049
122,99,49.21060092888888,17.982662200927734,17.982662200927734,2422,0.0001
122,110,101.07983893809897,24.461238861083984,24.461238861083984,2422,0.0001
122,133,133.2550436395902,20.89653205871582,19.72205924987793,2422,0.008813721242810456
122,150,108.84358226442899,56.188385009765625,48.412078857421875,2422,0.07144478333551792
122,151,20.117791900258766,49.59609603881836,56.188385009765625,2422,0.0001
123,84,117.20379501906801,37.59685516357422,28.359827041625977,2422,0.07881168114433035
123,85,24.217561218241492,28.359827041625977,28.359827041625977,2422,0.0001
123,89,53.624282135745396,25.091176986694336,19.191688537597656,2422,0.1100152433586452
123,90,133.90895220720023,19.191688537597656,17.798311233520508,2422,0.010405408160622043
123,91,116.50139209245762,17.798311233520508,16.453414916992188,2422,0.011544036447744642
123,92,12.711982480429112,16.453414916992188,16.453414916992188,2422,0.0001
123,98,53.89999359393765,18.025501251220703,23.41954803466797,2422,0.0001
123,99,100.84876880246262,20.63865089416504,18.025501251220703,2422,0.025911567131402854
123,133,137.12768676265404,20.03217124938965,20.89653205871582,2422,0.0001
123,151,138.92463997181892,59.239662170410156,49.59609603881836,2422,0.06941580797724586
123,152,20.11779189918863,60.046512603759766,59.239662170410156,2422,0.04010631173603851
124,80,72.0199337575819,25.369237899780273,25.144758224487305,2422,0.00311691032719586
124,81,116.50139209245762,25.144758224487305,23.200992584228516,2422,0.016684484239606178
124,82,127.3837021124244,23.200992584228516,28.69937515258789,2422,0.0001
124,83,100.0,28.69937515258789,37.59685516357422,2422,0.0001
124,84,17.376661216677086,37.59685516357422,37.59685516357422,2422,0.0001
124,88,130.2877896414188,28.21670150756836,25.091176986694336,2422,0.023989389408448535
124,89,58.83569993702687,25.091176986694336,25.091176986694336,2422,0.0001
124,99,30.942325359978632,20.63865089416504,20.63865089416504,2422,0.0001
124,133,116.50139209214834,20.419775009155273,20.03217124938965,2422,0.0033270311436196798
124,152,108.84358226472416,61.30293273925781,60.046512603759766,2422,0.011543355238366207
124,153,116.50139209249173,69.01036071777344,61.30293273925781,2422,0.06615738953914485
124,154,6.319555000452373,61.72613525390625,69.01036071777344,2422,0.0001
125,75,53.470412289454885,30.586759567260742,30.586759567260742,2422,0.0001
125,78,19.469807642677804,30.547582626342773,25.019716262817383,2422,0.2839199269441323
125,79,128.9613741651958,25.019716262817383,25.369237899780273,2422,0.0001
125,80,99.4824801865754,25.369237899780273,25.369237899780273,2422,0.0001
125,88,108.67083150849686,30.68060302734375,28.21670150756836,2422,0.022673071380545577
125,133,72.38289489464476,21.367931365966797,20.419775009155273,2422,0.013099177066509848
125,134,69.03846134266475,21.367931365966797,21.367931365966797,2422,0.0001
125,154,122.64181916411897,66.08338928222656,61.72613525390625,2422,0.03552828927373824
125,155,48.86059477992191,65.48847198486328,66.08338928222656,2422,0.0001
126,74,81.36626360704571,34.422218322753906,30.586759567260742,2422,0.047138194448946555
126,75,87.95094394719607,30.586759567260742,28.93872833251953,2422,0.0187380733028932
126,76,126.71219808453807,28.93872833251953,28.400333404541016,2422,0.004248958948840244
126,77,118.75056817252498,28.400333404541016,30.547582626342773,2422,0.0001
126,78,109.49156652189353,30.547582626342773,30.547582626342773,2422,0.0001
126,88,56.811303077470555,31.660480499267578,30.68060302734375,2422,0.017247931641131718
126,89,68.10866106769063,33.56138229370117,31.660480499267578,2422,0.027909839433553966
126,134,128.96137416468775,22.17923927307129,20.8077392578125,2422,0.0106349674399975
126,155,92.5607614573876,75.92301940917969,65.48847198486328,2422,0.11273186672216587
126,156,36.988624177016646,66.4564208984375,75.92301940917969,2422,0.0001
127,74,112.45998207289452,36.46100997924805,34.422218322753906,2422,0.018129041272411307
127,88,13.978323295334643,37.19023513793945,33.56138229370117,2422,0.2596057315006754
127,89,144.47609710658085,33.56138229370117,33.56138229370117,2422,0.0001
127,133,116.98280455736464,25.007368087768555,22.17923927307129,2422,0.02417559422855554
127,134,193.32767255618327,26.567943572998047,22.17923927307129,2422,0.022700859333271855
127,135,0.6056963326198025,24.772403717041016,24.772403717041016,2422,0.0001
127,156,145.99443832896446,70.03797149658203,66.4564208984375,2422,0.024532102997474062
128,73,34.414373623522366,37.61700439453125,36.46100997924805,2422,0.03359045345207377
128,74,98.00039909094966,36.46100997924805,36.46100997924805,2422,0.0001
128,88,116.50139209173673,38.66427230834961,37.19023513793945,2422,0.012652528385664736
128,90,81.25881183366423,39.347557067871094,39.347557067871094,2422,0.0001
128,132,117.81786586735826,24.513290405273438,25.007368087768555,2422,0.0001
128,133,16.108681801051993,25.007368087768555,25.007368087768555,2422,0.0001
128,134,30.44755144861821,26.936260223388672,26.567943572998047,2422,0.012096757632947203
128,135,133.5600539264411,30.443872451782227,26.936260223388672,2422,0.026262434951736323
128,156,96.38360019279506,78.42769622802734,70.03797149658203,2422,0.08704514787436284
128,157,20.11779189927095,73.2048110961914,78.42769622802734,2422,0.0001
129,72,107.03647110947632,43.41654968261719,37.61700439453125,2422,0.05418288951393207
129,73,94.54700054104897,37.61700439453125,37.61700439453125,2422,0.0001
129,88,19.139845846326526,39.51898956298828,38.66427230834961,2422,0.0446564335732472
129,89,104.94757804197036,39.347557067871094,39.51898956298828,2422,0.0001
129,90,116.56146675575901,42.14025115966797,39.347557067871094,2422,0.023958982067792955
129,128,41.37692395942674,37.64950942993164,32.54629135131836,2422,0.1233348830767937
129,129,116.50139209249173,32.54629135131836,31.704118728637695,2422,0.007228863171111758
129,130,66.14010684731005,31.704118728637695,30.9069881439209,2422,0.012052151451116329
129,132,111.71078658495527,28.54813575744629,24.513290405273438,2422,0.03611867282936353
129,133,24.745396148961007,28.69439125061035,28.54813575744629,2422,0.005910412275626607
129,135,55.56343565089449,33.05342102050781,30.443872451782227,2422,0.046965212610706804
129,136,56.89654642172725,33.97447204589844,33.05342102050781,2422,0.016188171045807106
129,157,121.30356433803856,84.27520751953125,73.2048110961914,2422,0.09126192197032064
129,158,20.11779189927095,77.42667388916016,84.27520751953125,2422,0.0001
130,68,58.343918267535344,48.876670837402344,58.23200988769531,2422,0.0001
130,69,23.106819311253453,58.23200988769531,45.22888946533203,2422,0.5627395206241353
130,70,20.616136724456833,40.90937042236328,39.45200729370117,2422,0.0706904085930535
130,71,134.45926610835338,39.45200729370117,43.41654968261719,2422,0.0001
130,72,16.42701111131298,43.41654968261719,43.41654968261719,2422,0.0001
130,89,54.49981030686069,48.22745895385742,42.14025115966797,2422,0.11169227488894888
130,90,71.34391732243992,42.14025115966797,42.14025115966797,2422,0.0001
130,126,22.618723170962483,39.99271774291992,40.96692657470703,2422,0.0001
130,127,124.91996414547633,40.96692657470703,37.64950942993164,2422,0.026556340833656274
130,128,84.12584204046861,37.64950942993164,37.64950942993164,2422,0.0001
130,130,105.36230709684723,30.9069881439209,30.801610946655273,2422,0.0010001413234883333
130,131,23.599067067840522,30.801610946655273,30.928876876831055,2422,0.0001
130,132,29.283435628904684,28.69439125061035,28.69439125061035,2422,0.0001
130,133,109.02027407293536,29.80744171142578,28.69439125061035,2422,0.010209573130138993
130,136,124.91996414516119,38.83537292480469,33.97447204589844,2422,0.0389121219508014
130,158,118.31706308192535,77.42667388916016,77.42667388916016,2422,0.0001
131,67,70.9426859292245,51.235198974609375,48.876670837402344,2422,0.033245543304633286
131,68,63.319613753773346,48.876670837402344,48.876670837402344,2422,0.0001
131,69,101.81314483359843,45.22888946533203,40.90937042236328,2422,0.042425946571324306
131,70,154.5890566651482,46.11063766479492,40.90937042236328,2422,0.03364576610165871
131,89,69.52753891753275,48.263938903808594,48.22745895385742,2422,0.0005246834638349716
131,90,50.09149970964763,51.315731048583984,48.263938903808594,2422,0.06092435168571356
131,125,20.419630505061722,40.9200553894043,39.99271774291992,2422,0.045414026774603086
131,126,113.84266917793612,39.99271774291992,39.99271774291992,2422,0.0001
131,131,105.36230709673082,30.928876876831055,29.98484230041504,2422,0.008959889000430848
131,132,116.50139209249173,29.98484230041504,29.80744171142578,2422,0.0015227336412290899
131,133,92.99475490269867,29.80744171142578,29.80744171142578,2422,0.0001
131,136,49.848018790691654,37.97735595703125,38.83537292480469,2422,0.0001
131,137,69.77101983648872,37.34575271606445,37.97735595703125,2422,0.0001
132,67,66.45676078005195,52.85493469238281,51.235198974609375,2422,0.024372775602683704
132,68,58.463203365382014,53.79602813720703,52.85493469238281,2422,0.016097192604082846
132,70,112.45998207262176,49.88728713989258,46.11063766479492,2422,0.03358216323259647
132,90,116.50139209204019,59.9136962890625,51.315731048583984,2422,0.07380139486819025
132,125,57.3106293161391,41.356964111328125,39.26707458496094,2422,0.03646600205415401
132,126,159.59162606470505,39.26707458496094,39.26707458496094,2422,0.0001
132,137,116.50139209204019,39.14057159423828,37.34575271606445,2422,0.01540598653753303
133,40,79.33818496724199,143.48887634277344,129.55966186523438,2422,0.17556759690545365
133,62,109.32912927242404,65.26227569580078,55.97065734863281,2422,0.08498758207444704
133,63,116.50139209179908,55.97065734863281,52.952880859375,2422,0.025903351325449474
133,64,116.50139209245762,52.952880859375,51.443241119384766,2422,0.012958126189532198
133,65,108.8677979342981,51.443241119384766,51.910770416259766,2422,0.0001
133,66,100.0,51.910770416259766,51.19467544555664,2422,0.00716094970703125
133,67,115.71641419628136,51.19467544555664,53.79602813720703,2422,0.0001
133,68,34.46362445609209,53.79602813720703,53.79602813720703,2422,0.0001
133,69,5.671570743365316,56.51053237915039,49.88728713989258,2422,1.1677973420336472
133,70,122.03028792251311,49.88728713989258,49.88728713989258,2422,0.0001
133,89,68.93110983350213,59.853050231933594,59.9136962890625,2422,0.0001
133,90,60.03026433085634,59.9136962890625,59.9136962890625,2422,0.0001
133,122,53.53959541922479,42.89083480834961,42.195709228515625,2422,0.012983392466659945
133,123,128.96137416453723,42.195709228515625,42.92029571533203,2422,0.0001
133,124,119.6242482428271,42.92029571533203,41.356964111328125,2422,0.013068684877588325
133,125,72.00161198183824,41.356964111328125,41.356964111328125,2422,0.0001
133,126,128.9613741644408,41.47466278076172,38.65148162841797,2422,0.02189168013008193
133,137,113.71949757101949,38.03422164916992,39.14057159423828,2422,0.0001
134,40,100.0,129.55966186523438,120.87417602539062,2422,0.0868548583984375
134,56,23.296218901612942,88.1982650756836,85.2336654663086,2422,0.1272566858122089
134,60,22.908794886697805,61.67666244506836,57.98173141479492,2422,0.16128875606717016
134,61,128.96137416522987,57.98173141479492,65.26227569580078,2422,0.0001
134,62,19.63224489211319,65.26227569580078,65.26227569580078,2422,0.0001
134,69,116.5013920921225,58.527896881103516,56.51053237915039,2422,0.017316226576570955
134,89,109.6780875519045,63.710487365722656,59.853050231933594,2422,0.03517053606504174
134,122,119.28328661283975,44.48307418823242,42.89083480834961,2422,0.013348386224893158
134,126,122.13806962452625,41.68686294555664,41.47466278076172,2422,0.001737379389139375
134,137,100.0,45.09542465209961,38.03422164916992,2422,0.07061203002929688
135,40,35.04325979925764,120.87417602539062,119.3308334350586,2422,0.04404106807337386
135,41,88.28143683277942,119.3308334350586,108.14988708496094,2422,0.1266511596461251
135,56,40.10567862337271,85.2336654663086,79.53810119628906,2422,0.14201391088543458
135,57,112.68226022069629,79.53810119628906,73.90312194824219,2422,0.05000768743021629
135,58,78.87659051287253,73.90312194824219,67.63764953613281,2422,0.07943386461521636
135,59,97.12615988572766,60.39866256713867,61.67666244506836,2422,0.0001
135,60,93.59259720510127,61.67666244506836,61.67666244506836,2422,0.0001
135,69,15.418409619497684,53.466285705566406,58.527896881103516,2422,0.0001
135,70,115.13823205806725,54.480857849121094,53.466285705566406,2422,0.008811774554980244
135,89,110.86471455957994,75.63894653320312,63.710487365722656,2422,0.10759473124399722
135,120,50.69002202249235,46.16409683227539,45.38655471801758,2422,0.015339155187441009
135,121,122.1328600094134,45.38655471801758,44.48307418823242,2422,0.007397522089595874
135,122,28.76058961866777,44.48307418823242,44.48307418823242,2422,0.0001
135,125,6.272278155420199,41.68686294555664,41.68686294555664,2422,0.0001
135,126,129.51240054907396,42.81014633178711,41.68686294555664,2422,0.008673172464321992
135,127,67.82706867627269,49.51304626464844,44.187862396240234,2422,0.07851118988827926
135,128,6.361842924837308,46.290401458740234,49.51304626464844,2422,0.0001
135,137,97.24104565630299,44.07451248168945,45.09542465209961,2422,0.0001
135,138,38.54363304860277,45.6424446105957,44.07451248168945,2422,0.040679406814845866
136,41,134.12246772619804,108.14988708496094,105.2930908203125,2422,0.02129990830828131
136,58,50.084783651698814,67.63764953613281,60.39866256713867,2422,0.1445346558614635
136,59,182.9849196645871,62.3437385559082,60.39866256713867,2422,0.010629706493490676
136,70,112.45998207253943,61.00908660888672,54.480857849121094,2422,0.05804934910584245
136,89,64.87971181081593,86.08883666992188,75.63894653320312,2422,0.16106560656727015
136,90,61.635519847659836,95.31072998046875,86.08883666992188,2422,0.14961978633975956
136,119,128.9435874263558,48.5565299987793,46.16409683227539,2422,0.01855410737560182
136,120,115.18092400405062,46.16409683227539,46.16409683227539,2422,0.0001
136,126,52.462017662627346,44.187862396240234,42.81014633178711,2422,0.026261210030329735
136,127,73.59428755971973,44.187862396240234,44.187862396240234,2422,0.0001
136,128,114.0552495857717,49.370460510253906,46.290401458740234,2422,0.02700497401653932
136,138,102.87772318870674,45.83495330810547,45.6424446105957,2422,0.0018712379273465298
136,139,36.09749054222615,45.80312728881836,45.83495330810547,2422,0.0001
137,41,26.881700432019628,105.2930908203125,101.65275573730469,2422,0.1354205658311591
137,42,144.62071351198716,101.65275573730469,96.61035919189453,2422,0.03486635090479074
137,55,44.29977963925623,71.41034698486328,71.41034698486328,2422,0.0001
137,59,52.5309261579449,72.0764389038086,62.3437385559082,2422,0.1852756282772752
137,60,59.92905591467685,72.13716888427734,72.0764389038086,2422,0.0010133645448246915
137,70,94.30948834685823,60.050567626953125,61.00908660888672,2422,0.0001
137,71,51.13592641018882,65.11075592041016,60.050567626953125,2422,0.0989556393848531
137,72,112.45998207273817,67.08111572265625,65.11075592041016,2422,0.017520541671184702
137,73,98.28824572133522,67.29402160644531,67.08111572265625,2422,0.0021661377942657437
137,90,24.17554729245603,95.31072998046875,95.31072998046875,2422,0.0001
137,118,141.40356949921036,54.57798767089844,48.5565299987793,2422,0.042583491303964334
137,119,0.01778673818144778,48.5565299987793,48.5565299987793,2422,0.0001
137,128,112.45998207262176,52.39593505859375,49.370460510253906,2422,0.026902676779604357
137,139,122.94494132985153,50.690345764160156,45.80312728881836,2422,0.03975127746191506
137,140,32.05608052204103,49.42507553100586,50.690345764160156,2422,0.0001
138,42,69.42274021148916,96.61035919189453,98.29486083984375,2422,0.0001
138,43,61.46965348066335,98.29486083984375,90.19113159179688,2422,0.13183300684452506
138,54,142.4875355870339,75.5991439819336,71.41034698486328,2422,0.02939763804470968
138,55,84.66159452465656,71.41034698486328,69.64830780029297,2422,0.020812733264280087
138,56,107.8605418914808,69.64830780029297,67.51020050048828,2422,0.01982288668599358
138,57,112.68226022069629,67.51020050048828,66.81244659423828,2422,0.006192224977413471
138,58,35.18922165252946,66.81244659423828,64.16280364990234,2422,0.07529700345462108
138,59,94.38456329164768,64.40238189697266,72.13716888427734,2422,0.0001
138,60,28.60438132604874,72.13716888427734,72.13716888427734,2422,0.0001
138,71,70.86335762473375,64.84882354736328,64.84882354736328,2422,0.0001
138,73,114.79792610641283,69.69212341308594,67.29402160644531,2422,0.020889765938956823
138,74,27.1226301597249,69.55818176269531,69.69212341308594,2422,0.0001
138,117,128.94358742617703,54.02334976196289,54.57798767089844,2422,0.0001
138,118,0.017786738099129718,54.57798767089844,54.57798767089844,2422,0.0001
138,127,24.13969981617657,56.407657623291016,52.39593505859375,2422,0.16618775690031232
138,128,86.3892627288158,52.39593505859375,52.39593505859375,2422,0.0001
138,140,126.98635134844677,54.14706039428711,49.42507553100586,2422,0.03718497943392565
138,141,68.62469075508719,56.53864669799805,54.14706039428711,2422,0.03485023068805083
139,43,127.03035463730532,90.19113159179688,89.70153045654297,2422,0.003854205844357486
139,48,139.0263354867178,79.93207550048828,78.99684143066406,2422,0.006727028131397223
139,49,141.42135623665095,78.99684143066406,79.93599700927734,2422,0.0001
139,50,116.50139209245762,79.93599700927734,79.79031372070312,2422,0.0012504853886947706
139,51,48.03305521650457,79.79031372070312,76.00996398925781,2422,0.07870308716374035
139,53,95.9050857881883,73.13606262207031,75.5991439819336,2422,0.0001
139,54,16.55489628435113,75.5991439819336,75.5991439819336,2422,0.0001
139,58,176.65027690665818,68.0771713256836,64.16280364990234,2422,0.02215885389101087
139,59,77.11785065316815,64.40238189697266,64.40238189697266,2422,0.0001
139,73,139.4903367100094,73.68464660644531,69.1694564819336,2422,0.032369196540821904
139,74,95.21240589082129,71.86474609375,69.55818176269531,2422,0.02422546000675156
139,75,110.66774813374461,78.10542297363281,71.86474609375,2422,0.05639110748274019
139,76,55.86543303947036,77.14952850341797,78.10542297363281,2422,0.0001
139,112,32.98944814225751,64.29780578613281,63.833744049072266,2422,0.014066974841755888
139,113,100.0,63.833744049072266,61.634891510009766,2422,0.021988525390625
139,114,100.0,61.634891510009766,58.462890625,2422,0.03172000885009765
139,115,135.26434611138905,58.462890625,54.6578254699707,2422,0.028130584772840715
139,116,132.1304976001806,55.59281539916992,54.02334976196289,2422,0.011878148237632051
139,117,117.10673391618383,54.02334976196289,54.02334976196289,2422,0.0001
139,127,133.9667427431295,58.22190856933594,54.88088607788086,2422,0.02493919328815228
139,128,81.90679609144394,58.07733154296875,54.88088607788086,2422,0.039025399815654546
139,129,5.215513843881459,62.212947845458984,58.07733154296875,2422,0.7929451299111978
139,141,90.4177411169905,67.21173095703125,56.53864669799805,2422,0.11804192548034814
139,142,38.54363304786191,67.5402603149414,67.21173095703125,2422,0.008523570092684358
140,43,13.083463533036413,89.70153045654297,85.80529022216797,2422,0.2977988377876236
140,44,116.50139209179909,85.80529022216797,83.98149871826172,2422,0.015654675632280558
140,45,102.07967373230476,83.98149871826172,83.86073303222656,2422,0.001183053213432617
140,46,77.08036258399167,81.42253112792969,80.08748626708984,2422,0.017320168407161992
140,47,122.10808831660049,80.08748626708984,79.93207550048828,2422,0.0012727311412706356
140,48,2.3950207499331535,79.93207550048828,79.93207550048828,2422,0.0001
140,51,111.00937665491456,76.00996398925781,75.90937805175781,2422,0.0009061030746320013
140,52,17.951997509443924,75.90937805175781,74.1966323852539,2422,0.09540696881240598
140,53,118.61178258393736,77.85969543457031,73.13606262207031,2422,0.03982431348384173
140,58,106.1518005112333,78.48477172851562,68.0771713256836,2422,0.09804450186156445
140,73,41.57628440427891,75.01866149902344,73.68464660644531,2422,0.03208595745609322
140,74,111.31434695557765,79.63507843017578,75.01866149902344,2422,0.04147189519958845
140,76,83.30674711714734,79.37281036376953,77.14952850341797,2422,0.026687896686509033
140,77,124.91996414551042,82.96625518798828,79.37281036376953,2422,0.028765977070190324
140,78,108.51989765350388,91.5647201538086,82.96625518798828,2422,0.07923399442629944
140,106,17.21943740383395,77.94728088378906,71.40441131591797,2422,0.37996999637248935
140,107,126.02830820951857,71.40441131591797,68.23719024658203,2422,0.025131029007153857
140,108,112.45998207277226,68.23719024658203,65.84217071533203,2422,0.021296638031652854
140,109,112.45998207273817,65.84217071533203,66.11128997802734,2422,0.0001
140,110,145.92352488389457,66.36151123046875,65.53173065185547,2422,0.005686407173027817
140,111,100.0,65.53173065185547,64.29780578613281,2422,0.012339248657226562
140,112,79.47053393051476,64.29780578613281,64.29780578613281,2422,0.0001
140,116,55.06718206591904,55.59281539916992,55.59281539916992,2422,0.0001
140,127,100.0,61.81631851196289,58.22190856933594,2422,0.035944099426269534
140,128,70.6714318792317,58.01279830932617,58.01279830932617,2422,0.0001
140,129,136.20584239342804,66.6590805053711,62.212947845458984,2422,0.03264274558112961
140,130,5.215513843963777,73.0142822265625,66.6590805053711,2422,1.2185188097135737
140,142,90.41774111605089,79.53580474853516,67.5402603149414,2422,0.13266803931982227
140,143,81.0846728280723,85.1752700805664,79.53580474853516,2422,0.06955032480662378
141,30,96.15794635629892,123.60692596435547,120.97061920166016,2422,0.02741642123810414
141,31,23.725930840254467,120.97061920166016,116.34561920166016,2422,0.19493439608923666
141,45,25.31641422721874,83.86073303222656,81.42253112792969,2422,0.0963091329764806
141,46,142.8035146126382,84.20201873779297,81.42253112792969,2422,0.0194637199049532
141,49,47.526982637645105,82.67953491210938,78.97442626953125,2422,0.07795800273765724
141,50,112.45998207277226,78.97442626953125,76.7408218383789,2422,0.019861326580214018
141,51,112.45998207211372,76.7408218383789,74.1966323852539,2422,0.022623064722645667
141,52,138.93265330933923,74.1966323852539,74.1966323852539,2422,0.0001
141,53,47.22871869098512,77.85969543457031,77.85969543457031,2422,0.0001
141,58,66.17567871268432,79.07411193847656,78.48477172851562,2422,0.008905691961538958
141,59,52.59248492124357,89.58673858642578,79.07411193847656,2422,0.19988838070100157
141,74,100.0,82.65090942382812,79.63507843017578,2422,0.030158309936523436
141,78,14.27208053870647,88.99613189697266,91.5647201538086,2422,0.0001
141,79,116.50139209179908,93.1116714477539,88.99613189697266,2422,0.03532609762755751
141,80,100.89105672712861,100.3718032836914,93.1116714477539,2422,0.0719601129322429
141,105,52.45024919457397,83.71168518066406,77.94728088378906,2422,0.10990232430528343
141,106,201.55609572867135,81.97708892822266,77.94728088378906,2422,0.019993481367382698
141,110,106.30818156138845,68.37480163574219,66.36151123046875,2422,0.018938245163292986
141,127,124.91996414551627,68.01478576660156,61.81631851196289,2422,0.04961950875536776
141,130,118.76816363378907,83.00424194335938,73.0142822265625,2422,0.08411311088045459
141,143,60.3366834092372,97.33714294433594,85.1752700805664,2422,0.20156681104396962
141,144,70.89146229733825,105.5920639038086,97.33714294433594,2422,0.11644450110013603
142,29,76.75608588420596,132.73394775390625,121.48346710205078,2422,0.1465744445180271
142,30,100.0,121.48346710205078,116.34561920166016,2422,0.05137847900390625
142,31,197.94998702749479,116.34561920166016,112.99506378173828,2422,0.016926272490517976
142,32,236.2468304620179,112.99506378173828,114.90899658203125,2422,0.0001
142,33,55.2043171461838,114.90899658203125,111.71376037597656,2422,0.0578801871164087
142,37,12.11798951507918,98.0296859741211,98.0296859741211,2422,0.0001
142,38,12.117989515161499,95.85418701171875,95.85418701171875,2422,0.0001
142,41,41.29234811065687,91.42176055908203,91.10220336914062,2422,0.007738896056117813
142,42,84.21414019299601,91.10220336914062,88.71483612060547,2422,0.02834876949481354
142,45,51.827624894079015,87.6533203125,84.20201873779297,2422,0.06659193010986929
142,46,87.47710030813136,84.20201873779297,84.20201873779297,2422,0.0001
142,49,116.50139209173673,86.89470672607422,82.67953491210938,2422,0.036181299968035485
142,59,100.0,93.00309753417969,89.58673858642578,2422,0.034163589477539065
142,74,100.71830154477188,88.38573455810547,82.65090942382812,2422,0.05693925578886044
142,75,24.20166260038931,90.32377624511719,88.38573455810547,2422,0.08007886561399064
142,80,28.070317437442732,96.29353332519531,100.3718032836914,2422,0.0001
142,81,116.50139209245762,101.12522888183594,96.29353332519531,2422,0.041473286025682024
142,82,57.01176212075548,105.71220397949219,101.12522888183594,2422,0.08045664485761148
142,105,50.280281920501565,83.71168518066406,83.71168518066406,2422,0.0001
142,106,89.03719836533858,83.18453979492188,81.97708892822266,2422,0.013561195644822412
142,107,38.14953732171029,83.44742584228516,83.18453979492188,2422,0.006890936714288197
142,110,99.42233464205448,71.60401153564453,68.37480163574219,2422,0.032479723107773674
142,111,37.95761157572845,73.92141723632812,71.60401153564453,2422,0.061052463642507784
142,127,66.28614118240952,71.85624694824219,68.01478576660156,2422,0.05795270494128629
142,128,46.17384089012992,74.4801254272461,71.85624694824219,2422,0.056826082223642445
142,130,77.59979417325223,86.33538055419922,83.00424194335938,2422,0.042927157814395975
142,131,55.49579576421839,86.33538055419922,86.33538055419922,2422,0.0001
142,144,48.01351037861387,105.5920639038086,105.5920639038086,2422,0.0001
143,28,88.41870421518458,139.95449829101562,132.73394775390625,2422,0.08166315714757279
143,29,53.00265202228957,132.73394775390625,132.73394775390625,2422,0.0001
143,33,88.95262251755653,111.71376037597656,111.0271987915039,2422,0.007718283790195729
143,34,52.468733719752976,111.0271987915039,109.15450286865234,2422,0.03569165463100449
143,36,127.76370301218653,101.30587768554688,98.0296859741211,2422,0.02564258575937868
143,37,122.68941445329455,98.0296859741211,95.85418701171875,2422,0.01773175764263276
143,38,123.45733691699442,95.85418701171875,94.59394836425781,2422,0.010207887833416081
143,39,116.50139209179906,94.59394836425781,93.02275848388672,2422,0.013486447261789375
143,40,110.22319183848691,93.02275848388672,91.42176055908203,2422,0.014525055009753972
143,41,81.48724423448846,91.42176055908203,91.42176055908203,2422,0.0001
143,42,74.82829167811624,88.71483612060547,88.32840728759766,2422,0.0051642076057286865
143,43,85.98877867058665,88.32840728759766,90.07462310791016,2422,0.0001
143,44,139.02633548729403,91.12329864501953,87.6533203125,2422,0.02495914403812119
143,45,149.75584675599472,87.6533203125,87.6533203125,2422,0.0001
143,49,97.0192140104434,94.07789611816406,86.89470672607422,2422,0.07403883308430664
143,50,44.40214222719537,93.70699310302734,94.07789611816406,2422,0.0001
143,59,118.27603056943211,94.5762939453125,93.00309753417969,2422,0.01330105857931453
143,74,45.24746691845579,90.32377624511719,90.32377624511719,2422,0.0001
143,75,85.48854572351576,96.7890625,90.32377624511719,2422,0.07562751477598682
143,82,123.14532566779508,126.02350616455078,105.71220397949219,2422,0.16493766267549365
143,107,100.0,88.968994140625,83.44742584228516,2422,0.055215682983398434
143,111,105.81604849689268,76.27175903320312,73.92141723632812,2422,0.022211581610364316
143,128,100.0,81.69623565673828,74.4801254272461,2422,0.07216110229492187
144,24,103.2705586247813,170.8194122314453,160.63648986816406,2422,0.09860431180855167
144,25,84.36460931671002,160.63648986816406,157.2010955810547,2422,0.040720798862621296
144,27,88.41870421534921,154.21958923339844,139.95449829101562,2422,0.16133567064768675
144,28,53.002652022124934,139.95449829101562,139.95449829101562,2422,0.0001
144,34,88.95262251755652,109.15450286865234,103.83565521240234,2422,0.05979416351890269
144,35,105.5102777902226,103.83565521240234,101.30587768554688,2422,0.023976598108150345
144,36,136.08742713163122,105.68606567382812,101.30587768554688,2422,0.032186573591728586
144,43,149.25016153687815,92.83873748779297,90.07462310791016,2422,0.01852000930129532
144,44,2.395020750015471,91.12329864501953,91.12329864501953,2422,0.0001
144,49,77.78639767036029,93.70699310302734,93.70699310302734,2422,0.0001
144,50,53.77750005088507,93.70699310302734,93.70699310302734,2422,0.0001
144,59,146.58244979873746,103.79167938232422,94.5762939453125,2422,0.06286827276842996
144,75,128.96137416460545,106.95854949951172,96.7890625,2422,0.07885684427130446
144,82,21.426383861795973,121.46807098388672,126.02350616455078,2422,0.0001
144,83,109.77662794936344,121.46807098388672,121.46807098388672,2422,0.0001
144,106,114.95342478096502,95.8259048461914,88.968994140625,2422,0.059649468631593414
144,107,19.823997880862358,88.968994140625,88.968994140625,2422,0.0001
144,111,128.96137416501702,81.82530975341797,76.27175903320312,2422,0.04306367512111498
144,128,100.0,87.39842987060547,81.69623565673828,2422,0.05702194213867187
145,23,119.64609100344802,183.0624542236328,170.8194122314453,2422,0.1023271373891745
145,24,39.396340867559516,170.8194122314453,170.8194122314453,2422,0.0001
145,25,28.095372756028144,157.2010955810547,149.25830078125,2422,0.28270829039278295
145,26,100.0,149.25830078125,154.21958923339844,2422,0.0001
145,27,40.08105822153628,154.21958923339844,154.21958923339844,2422,0.0001
145,36,102.60252355622832,107.31137084960938,105.68606567382812,2422,0.015840791429370144
145,43,127.52248770147183,97.6769027709961,92.83873748779297,2422,0.03793970279602132
145,48,6.442137332982384,98.65562438964844,91.8323745727539,2422,1.0591593230962233
145,49,148.5588845189102,91.8323745727539,91.8323745727539,2422,0.0001
145,58,117.90927466849462,119.51240539550781,103.79167938232422,2422,0.1333290028064618
145,59,28.6731751299394,103.79167938232422,103.79167938232422,2422,0.0001
145,75,2.766501801881909,109.76531219482422,106.95854949951172,2422,1.0145529973641092
145,76,124.75598589983687,117.34615325927734,109.76531219482422,2422,0.06076534933193164
145,106,47.642487666824906,95.12345123291016,95.8259048461914,2422,0.0001
145,107,98.93996213164321,100.43549346923828,95.12345123291016,2422,0.05368955194525201
145,111,74.0926323844117,84.28878021240234,81.82530975341797,2422,0.033248521205229344
145,112,65.88983738959955,87.75363159179688,84.28878021240234,2422,0.05258552026630808
145,128,101.43888646296898,92.81440734863281,87.39842987060547,2422,0.05339153126453618
146,21,105.84785410401912,226.24342346191406,195.41986083984375,2422,0.29120630628731775
146,22,116.50139209179906,195.41986083984375,183.0624542236328,2422,0.10607089232439153
146,23,9.315283161781865,183.0624542236328,183.0624542236328,2422,0.0001
146,36,100.0,108.06156158447266,107.31137084960938,2422,0.007501907348632812
146,43,100.0,101.91717529296875,97.6769027709961,2422,0.042402725219726566
146,48,117.94027855509148,99.58728790283203,98.65562438964844,2422,0.007899451524089806
146,58,128.96137416501702,130.99929809570312,119.51240539550781,2422,0.08907235034186949
146,76,76.82748575050967,124.21387481689453,117.34615325927734,2422,0.08939146570433783
146,77,48.09247839500661,131.69065856933594,124.21387481689453,2422,0.155466800671635
146,107,128.96137416474426,110.20285034179688,100.43549346923828,2422,0.07573862279166699
146,112,105.61257655455775,98.18656158447266,87.75363159179688,2422,0.09878492063193155
146,113,24.78768407309899,98.49897766113281,98.18656158447266,2422,0.012603681559714891
146,128,123.4810776825473,104.08159637451172,92.81440734863281,2422,0.09124628029928022
147,20,85.79869670133571,223.47706604003906,226.24342346191406,2422,0.0001
147,21,23.113520060518127,226.24342346191406,226.24342346191406,2422,0.0001
147,35,90.59450219599466,110.220947265625,108.06156158447266,2422,0.023835725444803137
147,36,21.865479876627077,108.06156158447266,108.06156158447266,2422,0.0001
147,43,112.45998207253943,104.03990936279297,101.91717529296875,2422,0.01887546157045449
147,48,106.97968559006969,104.69049072265625,99.58728790283203,2422,0.047702540829844424
147,58,131.8996497352309,151.666259765625,130.99929809570312,2422,0.15668700949098618
147,76,60.7476581587728,147.08169555664062,131.69065856933594,2422,0.2533601698205054
147,77,51.71232391384895,131.69065856933594,131.69065856933594,2422,0.0001
147,107,106.97968559006969,123.67530059814453,110.20285034179688,2422,0.1259346592957105
147,113,119.4396676629384,113.13780975341797,98.49897766113281,2422,0.1225625655087746
147,127,53.72004584979444,111.39070129394531,104.08159637451172,2422,0.13605917127975725
147,128,58.739936222744994,104.08159637451172,104.08159637451172,2422,0.0001
148,35,112.45998207253943,113.01170349121094,110.220947265625,2422,0.024815549266100998
148,43,113.56311652141474,111.17613220214844,104.03990936279297,2422,0.06283926558153044
148,48,112.45998207262176,113.4664535522461,104.69049072265625,2422,0.07803631716678303
148,58,100.0,170.92300415039062,151.666259765625,2422,0.19256744384765626
148,76,44.85384991777054,144.0170135498047,147.08169555664062,2422,0.0001
148,77,81.169248676019,162.026123046875,144.0170135498047,2422,0.22187108776813164
148,107,112.45998207262176,135.59967041015625,123.67530059814453,2422,0.1060321155334302
148,113,57.35611991496768,121.19612884521484,113.13780975341797,2422,0.14049623830453659
148,114,68.66697867909463,128.07009887695312,121.19612884521484,2422,0.10010590481726019
148,127,101.10313444862835,124.78807830810547,111.39070129394531,2422,0.13251198478883477
149,35,105.14454446812911,115.5497055053711,113.01170349121094,2422,0.024138218744477635
149,42,103.99265905862825,113.37740325927734,111.17613220214844,2422,0.021167561990004403
149,43,32.28415271063446,111.17613220214844,111.17613220214844,2422,0.0001
149,48,61.69680557660624,113.64395904541016,113.4664535522461,2422,0.0028770613244094405
149,49,80.88418724805518,113.64395904541016,113.64395904541016,2422,0.0001
149,58,41.974997525613034,160.05857849121094,170.92300415039062,2422,0.0001
149,59,70.4849845469264,170.55810546875,160.05857849121094,2422,0.14896118719510892
149,77,111.35684762399339,182.27117919921875,162.026123046875,2422,0.1818034237167259
149,107,112.45998207262176,148.5128936767578,135.59967041015625,2422,0.11482505179720522
149,113,75.60502621846541,128.07009887695312,128.07009887695312,2422,0.0001
149,114,40.8963658737394,152.4835205078125,128.07009887695312,2422,0.5969582164398587
149,127,26.96627628070718,124.58702087402344,124.78807830810547,2422,0.0001
149,128,89.53511581141532,136.80137634277344,124.58702087402344,2422,0.13641972044216338
150,35,107.31543760441032,117.71471405029297,115.5497055053711,2422,0.020174250725255395
150,42,112.45998207262176,116.01443481445312,113.37740325927734,2422,0.023448621514743806
150,59,109.18595448749105,181.85610961914062,170.55810546875,2422,0.10347488560614257
150,77,39.13843305690915,177.12229919433594,182.27117919921875,2422,0.0001
150,78,73.32154901563028,189.38473510742188,177.12229919433594,2422,0.16724191015757045
150,107,60.20206845892982,148.5128936767578,148.5128936767578,2422,0.0001
150,114,107.31543760441032,173.3353271484375,152.4835205078125,2422,0.19430388680414845
150,128,119.77541967694975,156.9658203125,136.80137634277344,2422,0.16835210449784063
151,35,124.91996414543397,122.16559600830078,117.71471405029297,2422,0.03562986900017054
151,42,98.14737491961569,116.01443481445312,116.01443481445312,2422,0.0001
151,59,82.07464802935189,189.66519165039062,181.85610961914062,2422,0.0951460922312732
151,60,46.886726135500496,199.6221160888672,189.66519165039062,2422,0.21236126424569515
151,78,100.0,203.34902954101562,189.38473510742188,2422,0.1396429443359375
151,114,100.76738243428773,188.6290283203125,173.3353271484375,2422,0.15177233746096666
151,128,82.51610928132072,164.42041015625,156.9658203125,2422,0.09034102442148839
151,129,42.403854863840465,176.74668884277344,164.42041015625,2422,0.2906876916285875
152,34,35.337226575804394,124.1476058959961,122.16559600830078,2422,0.056088439296263455
152,35,77.12275549673504,122.16559600830078,122.16559600830078,2422,0.0001
152,60,124.15258171087345,217.71759033203125,199.6221160888672,2422,0.1457518965276518
152,78,100.0,223.55165100097656,203.34902954101562,2422,0.20202621459960937
152,114,39.921032264797496,188.6290283203125,188.6290283203125,2422,0.0001
152,129,100.0,193.55078125,176.74668884277344,2422,0.16804092407226562
153,34,108.85020247315042,128.4037628173828,124.1476058959961,2422,0.03910104735392261
153,60,90.70627921739538,230.80162048339844,217.71759033203125,2422,0.14424613449316717
153,61,30.603905328129834,238.644287109375,230.80162048339844,2422,0.25626358929975873
153,78,100.0,240.89044189453125,223.55165100097656,2422,0.17338790893554687
153,129,124.91996414551627,212.59669494628906,193.55078125,2422,0.15246493085847299
154,33,53.51262550956031,136.7867889404297,128.4037628173828,2422,0.15665510789690562
154,34,87.47710030796672,128.4037628173828,128.4037628173828,2422,0.0001
154,61,84.94665595257217,238.644287109375,238.644287109375,2422,0.0001
154,78,38.79583657346666,240.89044189453125,240.89044189453125,2422,0.0001
154,129,54.583883469039485,220.9520721435547,212.59669494628906,2422,0.15307406996801312
154,130,57.87609860349994,236.66818237304688,220.9520721435547,2422,0.27154750594301097
155,33,112.45998207253943,148.82017517089844,136.7867889404297,2422,0.10700149518703393
155,130,29.039009693078697,236.66818237304688,236.66818237304688,2422,0.0001
156,32,67.74249282799671,155.7420196533203,148.82017517089844,2422,0.10217876835440584
156,33,65.69192177575312,148.82017517089844,148.82017517089844,2422,0.0001
157,31,67.64661442277601,170.6441650390625,155.7420196533203,2422,0.22029403116329158
157,32,73.67886340931278,155.7420196533203,155.7420196533203,2422,0.0001
158,31,102.4716842462017,170.6441650390625,170.6441650390625,2422,0.0001
